{
  "boardRotation": [-0.2617993877991494, 0, 0],
  "cellRotation": [-0.2617993877991494, 0, 0]
}
